activity_row_count,aggressive_buy_fills,aggressive_buy_qty,aggressive_sell_fills,aggressive_sell_qty,aggressive_take_threshold,annualized_sharpe,average_position,calmar_ratio,center_widening_ticks,daily_osmium_pnl_json,daily_pnl_json,daily_pnl_mean,daily_pnl_min,daily_pnl_std,daily_product_pnl_json,day_count,fill_count,filled_quantity,final_pnl,inventory_turnover,log_path,max_abs_position,max_drawdown_abs,max_drawdown_pct,near_limit_fraction,osmium_total_pnl,passive_ask_fills,passive_ask_qty,passive_bid_fills,passive_bid_qty,reservation_deviation_skew,returncode,robust_score,run_id,runtime_sec,sandbox_entry_count,sharpe_ratio,sortino_ratio,stage,status,stderr_path,stdout_path,stdout_total_profit,total_pnl
60000,526,2920,471,2789,2.5,178.8051,50.076366666666665,0.0161,2,"{""-2"": 8591.0, ""-1"": 9311.0, ""0"": 7791.0}","{""-2"": 8591.0, ""-1"": 9311.0, ""0"": 7791.0}",8564.333333333334,7791.0,620.8238254305502,"{""-2"": {""ASH_COATED_OSMIUM"": 8591.0, ""INTARIAN_PEPPER_ROOT"": 0.0}, ""-1"": {""ASH_COATED_OSMIUM"": 9311.0, ""INTARIAN_PEPPER_ROOT"": 0.0}, ""0"": {""ASH_COATED_OSMIUM"": 7791.0, ""INTARIAN_PEPPER_ROOT"": 0.0}}",3,1684,8793,25693,4393.5,C:\IMC PROSPERITY 4\reports\osmium_tuning\run_logs\run_0001.log,160,1598603,2.9892,0.40386666666666665,25693.0,353,1613,334,1471,0.6,0,8253.921420618059,1,5.517,30000,11.2637,inf,grid,ok,C:\IMC PROSPERITY 4\reports\osmium_tuning\run_logs\run_0001.stderr.txt,C:\IMC PROSPERITY 4\reports\osmium_tuning\run_logs\run_0001.stdout.txt,25693,25693.0
60000,515,2893,462,2736,3,202.765,50.056533333333334,0.0163,2,"{""-2"": 8727.0, ""-1"": 9313.0, ""0"": 7960.0}","{""-2"": 8727.0, ""-1"": 9313.0, ""0"": 7960.0}",8666.666666666666,7960.0,554.0050140166202,"{""-2"": {""ASH_COATED_OSMIUM"": 8727.0, ""INTARIAN_PEPPER_ROOT"": 0.0}, ""-1"": {""ASH_COATED_OSMIUM"": 9313.0, ""INTARIAN_PEPPER_ROOT"": 0.0}, ""0"": {""ASH_COATED_OSMIUM"": 7960.0, ""INTARIAN_PEPPER_ROOT"": 0.0}}",3,1671,8751,26000,4372.5,C:\IMC PROSPERITY 4\reports\osmium_tuning\run_logs\run_0002.log,160,1598585,2.9892,0.3988333333333333,26000.0,360,1645,334,1477,0.6,0,8389.664159658356,2,5.408,30000,12.773,inf,grid,ok,C:\IMC PROSPERITY 4\reports\osmium_tuning\run_logs\run_0002.stderr.txt,C:\IMC PROSPERITY 4\reports\osmium_tuning\run_logs\run_0002.stdout.txt,26000,26000.0
60000,496,2796,437,2611,3.5,192.8638,48.6236,0.0162,2,"{""-2"": 8704.0, ""-1"": 9296.0, ""0"": 7882.0}","{""-2"": 8704.0, ""-1"": 9296.0, ""0"": 7882.0}",8627.333333333334,7882.0,579.8030316888276,"{""-2"": {""ASH_COATED_OSMIUM"": 8704.0, ""INTARIAN_PEPPER_ROOT"": 0.0}, ""-1"": {""ASH_COATED_OSMIUM"": 9296.0, ""INTARIAN_PEPPER_ROOT"": 0.0}, ""0"": {""ASH_COATED_OSMIUM"": 7882.0, ""INTARIAN_PEPPER_ROOT"": 0.0}}",3,1620,8514,25882,4254.0,C:\IMC PROSPERITY 4\reports\osmium_tuning\run_logs\run_0003.log,160,1598585,2.8889,0.3998,25882.0,359,1654,328,1453,0.6,0,8337.43181748892,3,6.046,30000,12.1493,inf,grid,ok,C:\IMC PROSPERITY 4\reports\osmium_tuning\run_logs\run_0003.stderr.txt,C:\IMC PROSPERITY 4\reports\osmium_tuning\run_logs\run_0003.stdout.txt,25882,25882.0
60000,457,2591,401,2403,4,175.3132,49.66603333333333,0.0164,2,"{""-2"": 8782.0, ""-1"": 9485.0, ""0"": 7908.0}","{""-2"": 8782.0, ""-1"": 9485.0, ""0"": 7908.0}",8725.0,7908.0,645.0679550765692,"{""-2"": {""ASH_COATED_OSMIUM"": 8782.0, ""INTARIAN_PEPPER_ROOT"": 0.0}, ""-1"": {""ASH_COATED_OSMIUM"": 9485.0, ""INTARIAN_PEPPER_ROOT"": 0.0}, ""0"": {""ASH_COATED_OSMIUM"": 7908.0, ""INTARIAN_PEPPER_ROOT"": 0.0}}",3,1550,8118,26175,4056.0,C:\IMC PROSPERITY 4\reports\osmium_tuning\run_logs\run_0004.log,160,1598600,2.8889,0.4059,26175.0,360,1662,332,1462,0.6,0,8402.466022461715,4,5.638,30000,11.0437,inf,grid,ok,C:\IMC PROSPERITY 4\reports\osmium_tuning\run_logs\run_0004.stderr.txt,C:\IMC PROSPERITY 4\reports\osmium_tuning\run_logs\run_0004.stdout.txt,26175,26175.0
60000,414,2386,364,2200,4.5,206.1604,49.48323333333333,0.0166,2,"{""-2"": 8855.0, ""-1"": 9512.0, ""0"": 8151.0}","{""-2"": 8855.0, ""-1"": 9512.0, ""0"": 8151.0}",8839.333333333334,8151.0,555.7363483603433,"{""-2"": {""ASH_COATED_OSMIUM"": 8855.0, ""INTARIAN_PEPPER_ROOT"": 0.0}, ""-1"": {""ASH_COATED_OSMIUM"": 9512.0, ""INTARIAN_PEPPER_ROOT"": 0.0}, ""0"": {""ASH_COATED_OSMIUM"": 8151.0, ""INTARIAN_PEPPER_ROOT"": 0.0}}",3,1466,7707,26518,3850.5,C:\IMC PROSPERITY 4\reports\osmium_tuning\run_logs\run_0005.log,160,1598541,2.8889,0.404,26518.0,355,1660,333,1461,0.6,0,8561.465159153162,5,5.706,30000,12.9869,inf,grid,ok,C:\IMC PROSPERITY 4\reports\osmium_tuning\run_logs\run_0005.stderr.txt,C:\IMC PROSPERITY 4\reports\osmium_tuning\run_logs\run_0005.stdout.txt,26518,26518.0
60000,369,2149,317,1922,5,196.2846,49.24863333333333,0.0166,2,"{""-2"": 8854.0, ""-1"": 9527.0, ""0"": 8100.0}","{""-2"": 8854.0, ""-1"": 9527.0, ""0"": 8100.0}",8827.0,8100.0,582.88306431622,"{""-2"": {""ASH_COATED_OSMIUM"": 8854.0, ""INTARIAN_PEPPER_ROOT"": 0.0}, ""-1"": {""ASH_COATED_OSMIUM"": 9527.0, ""INTARIAN_PEPPER_ROOT"": 0.0}, ""0"": {""ASH_COATED_OSMIUM"": 8100.0, ""INTARIAN_PEPPER_ROOT"": 0.0}}",3,1372,7163,26481,3578.5,C:\IMC PROSPERITY 4\reports\osmium_tuning\run_logs\run_0006.log,158,1598540,2.9697,0.4049333333333333,26481.0,362,1667,324,1425,0.6,0,8535.558467841889,6,5.704,30000,12.3648,inf,grid,ok,C:\IMC PROSPERITY 4\reports\osmium_tuning\run_logs\run_0006.stderr.txt,C:\IMC PROSPERITY 4\reports\osmium_tuning\run_logs\run_0006.stdout.txt,26481,26481.0
60000,512,2863,465,2768,2.5,208.7778,48.86513333333333,0.0158,3,"{""-2"": 8097.0, ""-1"": 9186.0, ""0"": 8052.0}","{""-2"": 8097.0, ""-1"": 9186.0, ""0"": 8052.0}",8445.0,8052.0,524.2880887451097,"{""-2"": {""ASH_COATED_OSMIUM"": 8097.0, ""INTARIAN_PEPPER_ROOT"": 0.0}, ""-1"": {""ASH_COATED_OSMIUM"": 9186.0, ""INTARIAN_PEPPER_ROOT"": 0.0}, ""0"": {""ASH_COATED_OSMIUM"": 8052.0, ""INTARIAN_PEPPER_ROOT"": 0.0}}",3,1574,8359,25335,4176.5,C:\IMC PROSPERITY 4\reports\osmium_tuning\run_logs\run_0007.log,160,1598578,2.798,0.3971,25335.0,306,1419,291,1309,0.6,0,8182.855955627445,7,5.51,30000,13.1518,inf,grid,ok,C:\IMC PROSPERITY 4\reports\osmium_tuning\run_logs\run_0007.stderr.txt,C:\IMC PROSPERITY 4\reports\osmium_tuning\run_logs\run_0007.stdout.txt,25335,25335.0
60000,500,2800,455,2714,3,223.9989,49.042833333333334,0.016,3,"{""-2"": 8209.0, ""-1"": 9222.0, ""0"": 8145.0}","{""-2"": 8209.0, ""-1"": 9222.0, ""0"": 8145.0}",8525.333333333334,8145.0,493.31013458968073,"{""-2"": {""ASH_COATED_OSMIUM"": 8209.0, ""INTARIAN_PEPPER_ROOT"": 0.0}, ""-1"": {""ASH_COATED_OSMIUM"": 9222.0, ""INTARIAN_PEPPER_ROOT"": 0.0}, ""0"": {""ASH_COATED_OSMIUM"": 8145.0, ""INTARIAN_PEPPER_ROOT"": 0.0}}",3,1553,8245,25576,4119.5,C:\IMC PROSPERITY 4\reports\osmium_tuning\run_logs\run_0008.log,159,1598566,2.798,0.3977,25576.0,306,1416,292,1315,0.6,0,8278.678266038494,8,5.619,30000,14.1106,inf,grid,ok,C:\IMC PROSPERITY 4\reports\osmium_tuning\run_logs\run_0008.stderr.txt,C:\IMC PROSPERITY 4\reports\osmium_tuning\run_logs\run_0008.stdout.txt,25576,25576.0
60000,478,2703,431,2584,3.5,192.5989,49.31706666666667,0.0159,3,"{""-2"": 8153.0, ""-1"": 9272.0, ""0"": 7989.0}","{""-2"": 8153.0, ""-1"": 9272.0, ""0"": 7989.0}",8471.333333333334,7989.0,570.1019402021205,"{""-2"": {""ASH_COATED_OSMIUM"": 8153.0, ""INTARIAN_PEPPER_ROOT"": 0.0}, ""-1"": {""ASH_COATED_OSMIUM"": 9272.0, ""INTARIAN_PEPPER_ROOT"": 0.0}, ""0"": {""ASH_COATED_OSMIUM"": 7989.0, ""INTARIAN_PEPPER_ROOT"": 0.0}}",3,1508,8023,25414,4008.5,C:\IMC PROSPERITY 4\reports\osmium_tuning\run_logs\run_0009.log,160,1598570,2.7037,0.4035,25414.0,308,1435,291,1301,0.6,0,8186.282363232273,9,5.584,30000,12.1326,inf,grid,ok,C:\IMC PROSPERITY 4\reports\osmium_tuning\run_logs\run_0009.stderr.txt,C:\IMC PROSPERITY 4\reports\osmium_tuning\run_logs\run_0009.stdout.txt,25414,25414.0
60000,447,2575,400,2417,4,180.4119,49.2394,0.0159,3,"{""-2"": 8135.0, ""-1"": 9305.0, ""0"": 7924.0}","{""-2"": 8135.0, ""-1"": 9305.0, ""0"": 7924.0}",8454.666666666666,7924.0,607.4154719428503,"{""-2"": {""ASH_COATED_OSMIUM"": 8135.0, ""INTARIAN_PEPPER_ROOT"": 0.0}, ""-1"": {""ASH_COATED_OSMIUM"": 9305.0, ""INTARIAN_PEPPER_ROOT"": 0.0}, ""0"": {""ASH_COATED_OSMIUM"": 7924.0, ""INTARIAN_PEPPER_ROOT"": 0.0}}",3,1439,7715,25364,3854.5,C:\IMC PROSPERITY 4\reports\osmium_tuning\run_logs\run_0010.log,160,1598588,2.7037,0.4015666666666667,25364.0,309,1448,283,1275,0.6,0,8150.958930695241,10,5.596,30000,11.3649,inf,grid,ok,C:\IMC PROSPERITY 4\reports\osmium_tuning\run_logs\run_0010.stderr.txt,C:\IMC PROSPERITY 4\reports\osmium_tuning\run_logs\run_0010.stdout.txt,25364,25364.0
60000,406,2358,365,2200,4.5,205.2654,48.7511,0.0159,3,"{""-2"": 8341.0, ""-1"": 9205.0, ""0"": 7917.0}","{""-2"": 8341.0, ""-1"": 9205.0, ""0"": 7917.0}",8487.666666666666,7917.0,535.9535634942847,"{""-2"": {""ASH_COATED_OSMIUM"": 8341.0, ""INTARIAN_PEPPER_ROOT"": 0.0}, ""-1"": {""ASH_COATED_OSMIUM"": 9205.0, ""INTARIAN_PEPPER_ROOT"": 0.0}, ""0"": {""ASH_COATED_OSMIUM"": 7917.0, ""INTARIAN_PEPPER_ROOT"": 0.0}}",3,1362,7255,25463,3624.5,C:\IMC PROSPERITY 4\reports\osmium_tuning\run_logs\run_0011.log,160,1598626,2.7037,0.3894666666666667,25463.0,307,1436,284,1261,0.6,0,8219.689884919524,11,5.594,30000,12.9305,inf,grid,ok,C:\IMC PROSPERITY 4\reports\osmium_tuning\run_logs\run_0011.stderr.txt,C:\IMC PROSPERITY 4\reports\osmium_tuning\run_logs\run_0011.stdout.txt,25463,25463.0
60000,368,2163,324,1954,5,231.2636,49.484633333333335,0.016,3,"{""-2"": 8302.0, ""-1"": 9158.0, ""0"": 8043.0}","{""-2"": 8302.0, ""-1"": 9158.0, ""0"": 8043.0}",8501.0,8043.0,476.45006733829587,"{""-2"": {""ASH_COATED_OSMIUM"": 8302.0, ""INTARIAN_PEPPER_ROOT"": 0.0}, ""-1"": {""ASH_COATED_OSMIUM"": 9158.0, ""INTARIAN_PEPPER_ROOT"": 0.0}, ""0"": {""ASH_COATED_OSMIUM"": 8043.0, ""INTARIAN_PEPPER_ROOT"": 0.0}}",3,1280,6809,25503,3401.5,C:\IMC PROSPERITY 4\reports\osmium_tuning\run_logs\run_0012.log,159,1598608,2.743,0.40386666666666665,25503.0,311,1458,277,1234,0.6,0,8262.774966330851,12,5.491,30000,14.5682,inf,grid,ok,C:\IMC PROSPERITY 4\reports\osmium_tuning\run_logs\run_0012.stderr.txt,C:\IMC PROSPERITY 4\reports\osmium_tuning\run_logs\run_0012.stdout.txt,25503,25503.0
60000,518,2922,474,2816,2.5,180.3037,48.032466666666664,0.0149,4,"{""-2"": 7709.0, ""-1"": 8693.0, ""0"": 7346.0}","{""-2"": 7709.0, ""-1"": 8693.0, ""0"": 7346.0}",7916.0,7346.0,569.0571148839103,"{""-2"": {""ASH_COATED_OSMIUM"": 7709.0, ""INTARIAN_PEPPER_ROOT"": 0.0}, ""-1"": {""ASH_COATED_OSMIUM"": 8693.0, ""INTARIAN_PEPPER_ROOT"": 0.0}, ""0"": {""ASH_COATED_OSMIUM"": 7346.0, ""INTARIAN_PEPPER_ROOT"": 0.0}}",3,1480,8032,23748,4016.0,C:\IMC PROSPERITY 4\reports\osmium_tuning\run_logs\run_0013.log,160,1598708,2.6286,0.389,23748.0,254,1209,234,1085,0.6,0,7631.471442558045,13,5.542,30000,11.3581,inf,grid,ok,C:\IMC PROSPERITY 4\reports\osmium_tuning\run_logs\run_0013.stderr.txt,C:\IMC PROSPERITY 4\reports\osmium_tuning\run_logs\run_0013.stdout.txt,23748,23748.0
60000,500,2828,461,2721,3,161.1826,47.8893,0.0151,4,"{""-2"": 7751.0, ""-1"": 8941.0, ""0"": 7440.0}","{""-2"": 7751.0, ""-1"": 8941.0, ""0"": 7440.0}",8044.0,7440.0,646.8575319702683,"{""-2"": {""ASH_COATED_OSMIUM"": 7751.0, ""INTARIAN_PEPPER_ROOT"": 0.0}, ""-1"": {""ASH_COATED_OSMIUM"": 8941.0, ""INTARIAN_PEPPER_ROOT"": 0.0}, ""0"": {""ASH_COATED_OSMIUM"": 7440.0, ""INTARIAN_PEPPER_ROOT"": 0.0}}",3,1451,7846,24132,3923.0,C:\IMC PROSPERITY 4\reports\osmium_tuning\run_logs\run_0014.log,160,1598651,2.6286,0.38393333333333335,24132.0,254,1211,236,1086,0.6,0,7720.571234014866,14,5.466,30000,10.1535,inf,grid,ok,C:\IMC PROSPERITY 4\reports\osmium_tuning\run_logs\run_0014.stderr.txt,C:\IMC PROSPERITY 4\reports\osmium_tuning\run_logs\run_0014.stdout.txt,24132,24132.0
60000,479,2708,433,2604,3.5,204.2854,49.780633333333334,0.015,4,"{""-2"": 7591.0, ""-1"": 8720.0, ""0"": 7703.0}","{""-2"": 7591.0, ""-1"": 8720.0, ""0"": 7703.0}",8004.666666666667,7591.0,507.8794695157066,"{""-2"": {""ASH_COATED_OSMIUM"": 7591.0, ""INTARIAN_PEPPER_ROOT"": 0.0}, ""-1"": {""ASH_COATED_OSMIUM"": 8720.0, ""INTARIAN_PEPPER_ROOT"": 0.0}, ""0"": {""ASH_COATED_OSMIUM"": 7703.0, ""INTARIAN_PEPPER_ROOT"": 0.0}}",3,1400,7597,24014,3798.5,C:\IMC PROSPERITY 4\reports\osmium_tuning\run_logs\run_0015.log,160,1598643,2.5397,0.41546666666666665,24014.0,251,1201,237,1084,0.6,0,7750.726931908814,15,5.526,30000,12.8688,inf,grid,ok,C:\IMC PROSPERITY 4\reports\osmium_tuning\run_logs\run_0015.stderr.txt,C:\IMC PROSPERITY 4\reports\osmium_tuning\run_logs\run_0015.stdout.txt,24014,24014.0
60000,447,2566,394,2398,4,170.2953,50.1422,0.0151,4,"{""-2"": 7686.0, ""-1"": 8894.0, ""0"": 7523.0}","{""-2"": 7686.0, ""-1"": 8894.0, ""0"": 7523.0}",8034.333333333333,7523.0,611.5076087470667,"{""-2"": {""ASH_COATED_OSMIUM"": 7686.0, ""INTARIAN_PEPPER_ROOT"": 0.0}, ""-1"": {""ASH_COATED_OSMIUM"": 8894.0, ""INTARIAN_PEPPER_ROOT"": 0.0}, ""0"": {""ASH_COATED_OSMIUM"": 7523.0, ""INTARIAN_PEPPER_ROOT"": 0.0}}",3,1328,7257,24103,3628.5,C:\IMC PROSPERITY 4\reports\osmium_tuning\run_logs\run_0016.log,160,1598637,2.5397,0.41746666666666665,24103.0,257,1237,230,1056,0.6,0,7728.5795289598,16,5.757,30000,10.7276,inf,grid,ok,C:\IMC PROSPERITY 4\reports\osmium_tuning\run_logs\run_0016.stderr.txt,C:\IMC PROSPERITY 4\reports\osmium_tuning\run_logs\run_0016.stdout.txt,24103,24103.0
60000,411,2395,365,2227,4.5,156.6384,49.2136,0.015,4,"{""-2"": 7430.0, ""-1"": 8932.0, ""0"": 7650.0}","{""-2"": 7430.0, ""-1"": 8932.0, ""0"": 7650.0}",8004.0,7430.0,662.31311829577,"{""-2"": {""ASH_COATED_OSMIUM"": 7430.0, ""INTARIAN_PEPPER_ROOT"": 0.0}, ""-1"": {""ASH_COATED_OSMIUM"": 8932.0, ""INTARIAN_PEPPER_ROOT"": 0.0}, ""0"": {""ASH_COATED_OSMIUM"": 7650.0, ""INTARIAN_PEPPER_ROOT"": 0.0}}",3,1258,6885,24012,3439.5,C:\IMC PROSPERITY 4\reports\osmium_tuning\run_logs\run_0017.log,160,1598654,2.5397,0.40526666666666666,24012.0,254,1223,228,1040,0.6,0,7672.843440852115,17,5.521,30000,9.8673,inf,grid,ok,C:\IMC PROSPERITY 4\reports\osmium_tuning\run_logs\run_0017.stderr.txt,C:\IMC PROSPERITY 4\reports\osmium_tuning\run_logs\run_0017.stdout.txt,24012,24012.0
60000,362,2157,328,1978,5,188.7605,49.780566666666665,0.0153,4,"{""-2"": 7665.0, ""-1"": 8925.0, ""0"": 7831.0}","{""-2"": 7665.0, ""-1"": 8925.0, ""0"": 7831.0}",8140.333333333333,7665.0,558.9665066491511,"{""-2"": {""ASH_COATED_OSMIUM"": 7665.0, ""INTARIAN_PEPPER_ROOT"": 0.0}, ""-1"": {""ASH_COATED_OSMIUM"": 8925.0, ""INTARIAN_PEPPER_ROOT"": 0.0}, ""0"": {""ASH_COATED_OSMIUM"": 7831.0, ""INTARIAN_PEPPER_ROOT"": 0.0}}",3,1184,6447,24421,3220.5,C:\IMC PROSPERITY 4\reports\osmium_tuning\run_logs\run_0018.log,158,1598683,2.5468,0.4107,24421.0,261,1253,233,1059,0.6,0,7860.850080008758,18,5.578,30000,11.8908,inf,grid,ok,C:\IMC PROSPERITY 4\reports\osmium_tuning\run_logs\run_0018.stderr.txt,C:\IMC PROSPERITY 4\reports\osmium_tuning\run_logs\run_0018.stdout.txt,24421,24421.0
60000,518,2903,479,2828,2.5,164.4263,48.98746666666667,0.0142,5,"{""-2"": 7194.0, ""-1"": 8406.0, ""0"": 7094.0}","{""-2"": 7194.0, ""-1"": 8406.0, ""0"": 7094.0}",7564.666666666667,7094.0,596.3116262119627,"{""-2"": {""ASH_COATED_OSMIUM"": 7194.0, ""INTARIAN_PEPPER_ROOT"": 0.0}, ""-1"": {""ASH_COATED_OSMIUM"": 8406.0, ""INTARIAN_PEPPER_ROOT"": 0.0}, ""0"": {""ASH_COATED_OSMIUM"": 7094.0, ""INTARIAN_PEPPER_ROOT"": 0.0}}",3,1404,7687,22694,3843.5,C:\IMC PROSPERITY 4\reports\osmium_tuning\run_logs\run_0019.log,160,1598618,2.6413,0.4034333333333333,22694.0,212,1023,195,933,0.6,0,7266.510853560686,19,5.598,30000,10.3579,inf,grid,ok,C:\IMC PROSPERITY 4\reports\osmium_tuning\run_logs\run_0019.stderr.txt,C:\IMC PROSPERITY 4\reports\osmium_tuning\run_logs\run_0019.stdout.txt,22694,22694.0
60000,499,2814,462,2750,3,170.8399,49.164233333333335,0.0144,5,"{""-2"": 7297.0, ""-1"": 8511.0, ""0"": 7252.0}","{""-2"": 7297.0, ""-1"": 8511.0, ""0"": 7252.0}",7686.666666666667,7252.0,583.1811229988692,"{""-2"": {""ASH_COATED_OSMIUM"": 7297.0, ""INTARIAN_PEPPER_ROOT"": 0.0}, ""-1"": {""ASH_COATED_OSMIUM"": 8511.0, ""INTARIAN_PEPPER_ROOT"": 0.0}, ""0"": {""ASH_COATED_OSMIUM"": 7252.0, ""INTARIAN_PEPPER_ROOT"": 0.0}}",3,1371,7541,23060,3770.5,C:\IMC PROSPERITY 4\reports\osmium_tuning\run_logs\run_0020.log,160,1598596,2.6413,0.40886666666666666,23060.0,212,1028,198,949,0.6,0,7395.0761051672325,20,5.586,30000,10.7619,inf,grid,ok,C:\IMC PROSPERITY 4\reports\osmium_tuning\run_logs\run_0020.stderr.txt,C:\IMC PROSPERITY 4\reports\osmium_tuning\run_logs\run_0020.stdout.txt,23060,23060.0
60000,477,2700,435,2608,3.5,211.0678,48.03756666666666,0.0146,5,"{""-2"": 7446.0, ""-1"": 8469.0, ""0"": 7462.0}","{""-2"": 7446.0, ""-1"": 8469.0, ""0"": 7462.0}",7792.333333333333,7446.0,478.52017256909403,"{""-2"": {""ASH_COATED_OSMIUM"": 7446.0, ""INTARIAN_PEPPER_ROOT"": 0.0}, ""-1"": {""ASH_COATED_OSMIUM"": 8469.0, ""INTARIAN_PEPPER_ROOT"": 0.0}, ""0"": {""ASH_COATED_OSMIUM"": 7462.0, ""INTARIAN_PEPPER_ROOT"": 0.0}}",3,1330,7326,23377,3663.0,C:\IMC PROSPERITY 4\reports\osmium_tuning\run_logs\run_0021.log,160,1598596,2.6413,0.3923333333333333,23377.0,220,1064,198,954,0.6,0,7553.073247048786,21,5.577,30000,13.296,inf,grid,ok,C:\IMC PROSPERITY 4\reports\osmium_tuning\run_logs\run_0021.stderr.txt,C:\IMC PROSPERITY 4\reports\osmium_tuning\run_logs\run_0021.stdout.txt,23377,23377.0
60000,443,2554,397,2403,4,182.7421,49.116933333333336,0.0147,5,"{""-2"": 7497.0, ""-1"": 8631.0, ""0"": 7409.0}","{""-2"": 7497.0, ""-1"": 8631.0, ""0"": 7409.0}",7845.666666666667,7409.0,556.4754162484529,"{""-2"": {""ASH_COATED_OSMIUM"": 7497.0, ""INTARIAN_PEPPER_ROOT"": 0.0}, ""-1"": {""ASH_COATED_OSMIUM"": 8631.0, ""INTARIAN_PEPPER_ROOT"": 0.0}, ""0"": {""ASH_COATED_OSMIUM"": 7409.0, ""INTARIAN_PEPPER_ROOT"": 0.0}}",3,1262,6984,23537,3492.0,C:\IMC PROSPERITY 4\reports\osmium_tuning\run_logs\run_0022.log,160,1598579,2.6655,0.4126,23537.0,227,1097,195,930,0.6,0,7567.42895854244,22,5.458,30000,11.5117,inf,grid,ok,C:\IMC PROSPERITY 4\reports\osmium_tuning\run_logs\run_0022.stderr.txt,C:\IMC PROSPERITY 4\reports\osmium_tuning\run_logs\run_0022.stdout.txt,23537,23537.0
60000,409,2374,363,2229,4.5,187.6827,48.91833333333334,0.0146,5,"{""-2"": 7339.0, ""-1"": 8539.0, ""0"": 7470.0}","{""-2"": 7339.0, ""-1"": 8539.0, ""0"": 7470.0}",7782.666666666667,7339.0,537.4757875683539,"{""-2"": {""ASH_COATED_OSMIUM"": 7339.0, ""INTARIAN_PEPPER_ROOT"": 0.0}, ""-1"": {""ASH_COATED_OSMIUM"": 8539.0, ""INTARIAN_PEPPER_ROOT"": 0.0}, ""0"": {""ASH_COATED_OSMIUM"": 7470.0, ""INTARIAN_PEPPER_ROOT"": 0.0}}",3,1185,6592,23348,3296.0,C:\IMC PROSPERITY 4\reports\osmium_tuning\run_logs\run_0023.log,160,1598643,2.6655,0.40303333333333335,23348.0,221,1075,192,914,0.6,0,7513.92877288249,23,5.944,30000,11.8229,inf,grid,ok,C:\IMC PROSPERITY 4\reports\osmium_tuning\run_logs\run_0023.stderr.txt,C:\IMC PROSPERITY 4\reports\osmium_tuning\run_logs\run_0023.stdout.txt,23348,23348.0
60000,364,2150,329,2005,5,184.421,49.254933333333334,0.0146,5,"{""-2"": 7536.0, ""-1"": 8562.0, ""0"": 7299.0}","{""-2"": 7536.0, ""-1"": 8562.0, ""0"": 7299.0}",7799.0,7299.0,548.1295467314274,"{""-2"": {""ASH_COATED_OSMIUM"": 7536.0, ""INTARIAN_PEPPER_ROOT"": 0.0}, ""-1"": {""ASH_COATED_OSMIUM"": 8562.0, ""INTARIAN_PEPPER_ROOT"": 0.0}, ""0"": {""ASH_COATED_OSMIUM"": 7299.0, ""INTARIAN_PEPPER_ROOT"": 0.0}}",3,1106,6146,23397,3073.0,C:\IMC PROSPERITY 4\reports\osmium_tuning\run_logs\run_0024.log,158,1598630,2.6549,0.4194,23397.0,220,1076,193,915,0.6,0,7524.935226634287,24,5.478,30000,11.6174,inf,grid,ok,C:\IMC PROSPERITY 4\reports\osmium_tuning\run_logs\run_0024.stderr.txt,C:\IMC PROSPERITY 4\reports\osmium_tuning\run_logs\run_0024.stdout.txt,23397,23397.0
60000,518,2915,475,2808,2.5,239.2913,48.1167,0.0135,6,"{""-2"": 7218.0, ""-1"": 7662.0, ""0"": 6708.0}","{""-2"": 7218.0, ""-1"": 7662.0, ""0"": 6708.0}",7196.0,6708.0,389.77942480331103,"{""-2"": {""ASH_COATED_OSMIUM"": 7218.0, ""INTARIAN_PEPPER_ROOT"": 0.0}, ""-1"": {""ASH_COATED_OSMIUM"": 7662.0, ""INTARIAN_PEPPER_ROOT"": 0.0}, ""0"": {""ASH_COATED_OSMIUM"": 6708.0, ""INTARIAN_PEPPER_ROOT"": 0.0}}",3,1340,7438,21588,3719.0,C:\IMC PROSPERITY 4\reports\osmium_tuning\run_logs\run_0025.log,160,1598667,2.5174,0.39743333333333336,21588.0,184,920,163,795,0.6,0,7001.110287598344,25,5.735,30000,15.0739,inf,grid,ok,C:\IMC PROSPERITY 4\reports\osmium_tuning\run_logs\run_0025.stderr.txt,C:\IMC PROSPERITY 4\reports\osmium_tuning\run_logs\run_0025.stdout.txt,21588,21588.0
60000,501,2827,463,2729,3,286.458,47.99973333333333,0.0138,6,"{""-2"": 7334.0, ""-1"": 7761.0, ""0"": 6947.0}","{""-2"": 7334.0, ""-1"": 7761.0, ""0"": 6947.0}",7347.333333333333,6947.0,332.44782380932435,"{""-2"": {""ASH_COATED_OSMIUM"": 7334.0, ""INTARIAN_PEPPER_ROOT"": 0.0}, ""-1"": {""ASH_COATED_OSMIUM"": 7761.0, ""INTARIAN_PEPPER_ROOT"": 0.0}, ""0"": {""ASH_COATED_OSMIUM"": 6947.0, ""INTARIAN_PEPPER_ROOT"": 0.0}}",3,1312,7278,22042,3639.0,C:\IMC PROSPERITY 4\reports\osmium_tuning\run_logs\run_0026.log,160,1598659,2.5174,0.39403333333333335,22042.0,184,919,164,803,0.6,0,7181.10942142867,26,5.503,30000,18.0452,inf,grid,ok,C:\IMC PROSPERITY 4\reports\osmium_tuning\run_logs\run_0026.stderr.txt,C:\IMC PROSPERITY 4\reports\osmium_tuning\run_logs\run_0026.stdout.txt,22042,22042.0
60000,481,2750,439,2623,3.5,423.1041,48.29456666666667,0.0136,6,"{""-2"": 7254.0, ""-1"": 7475.0, ""0"": 6936.0}","{""-2"": 7254.0, ""-1"": 7475.0, ""0"": 6936.0}",7221.666666666667,6936.0,221.23039775060047,"{""-2"": {""ASH_COATED_OSMIUM"": 7254.0, ""INTARIAN_PEPPER_ROOT"": 0.0}, ""-1"": {""ASH_COATED_OSMIUM"": 7475.0, ""INTARIAN_PEPPER_ROOT"": 0.0}, ""0"": {""ASH_COATED_OSMIUM"": 6936.0, ""INTARIAN_PEPPER_ROOT"": 0.0}}",3,1261,7076,21665,3538.0,C:\IMC PROSPERITY 4\reports\osmium_tuning\run_logs\run_0027.log,160,1598668,2.5174,0.40846666666666664,21665.0,183,924,158,779,0.6,0,7111.051467791367,27,5.499,30000,26.6531,inf,grid,ok,C:\IMC PROSPERITY 4\reports\osmium_tuning\run_logs\run_0027.stderr.txt,C:\IMC PROSPERITY 4\reports\osmium_tuning\run_logs\run_0027.stdout.txt,21665,21665.0
60000,442,2557,403,2416,4,382.0607,49.9452,0.0138,6,"{""-2"": 7541.0, ""-1"": 7463.0, ""0"": 6979.0}","{""-2"": 7541.0, ""-1"": 7463.0, ""0"": 6979.0}",7327.666666666667,6979.0,248.59248223190946,"{""-2"": {""ASH_COATED_OSMIUM"": 7541.0, ""INTARIAN_PEPPER_ROOT"": 0.0}, ""-1"": {""ASH_COATED_OSMIUM"": 7463.0, ""INTARIAN_PEPPER_ROOT"": 0.0}, ""0"": {""ASH_COATED_OSMIUM"": 6979.0, ""INTARIAN_PEPPER_ROOT"": 0.0}}",3,1193,6694,21983,3347.0,C:\IMC PROSPERITY 4\reports\osmium_tuning\run_logs\run_0028.log,160,1598650,2.5203,0.4167,21983.0,188,938,160,783,0.6,0,7203.370425550712,28,5.607,30000,24.0676,inf,grid,ok,C:\IMC PROSPERITY 4\reports\osmium_tuning\run_logs\run_0028.stderr.txt,C:\IMC PROSPERITY 4\reports\osmium_tuning\run_logs\run_0028.stdout.txt,21983,21983.0
60000,410,2385,364,2211,4.5,461.3779,49.1114,0.0138,6,"{""-2"": 7348.0, ""-1"": 7624.0, ""0"": 7118.0}","{""-2"": 7348.0, ""-1"": 7624.0, ""0"": 7118.0}",7363.333333333333,7118.0,206.85797596955797,"{""-2"": {""ASH_COATED_OSMIUM"": 7348.0, ""INTARIAN_PEPPER_ROOT"": 0.0}, ""-1"": {""ASH_COATED_OSMIUM"": 7624.0, ""INTARIAN_PEPPER_ROOT"": 0.0}, ""0"": {""ASH_COATED_OSMIUM"": 7118.0, ""INTARIAN_PEPPER_ROOT"": 0.0}}",3,1121,6314,22090,3157.0,C:\IMC PROSPERITY 4\reports\osmium_tuning\run_logs\run_0029.log,160,1598635,2.5203,0.4093333333333333,22090.0,190,954,157,764,0.6,0,7259.904345348554,29,5.678,30000,29.0641,inf,grid,ok,C:\IMC PROSPERITY 4\reports\osmium_tuning\run_logs\run_0029.stderr.txt,C:\IMC PROSPERITY 4\reports\osmium_tuning\run_logs\run_0029.stdout.txt,22090,22090.0
60000,368,2164,323,1970,5,421.1796,49.207033333333335,0.0141,6,"{""-2"": 7242.0, ""-1"": 7809.0, ""0"": 7555.0}","{""-2"": 7242.0, ""-1"": 7809.0, ""0"": 7555.0}",7535.333333333333,7242.0,231.89413293330404,"{""-2"": {""ASH_COATED_OSMIUM"": 7242.0, ""INTARIAN_PEPPER_ROOT"": 0.0}, ""-1"": {""ASH_COATED_OSMIUM"": 7809.0, ""INTARIAN_PEPPER_ROOT"": 0.0}, ""0"": {""ASH_COATED_OSMIUM"": 7555.0, ""INTARIAN_PEPPER_ROOT"": 0.0}}",3,1045,5880,22606,2940.0,C:\IMC PROSPERITY 4\reports\osmium_tuning\run_logs\run_0030.log,160,1598578,2.4963,0.41133333333333333,22606.0,195,978,159,768,0.6,0,7419.386266866681,30,5.752,30000,26.5318,inf,grid,ok,C:\IMC PROSPERITY 4\reports\osmium_tuning\run_logs\run_0030.stderr.txt,C:\IMC PROSPERITY 4\reports\osmium_tuning\run_logs\run_0030.stdout.txt,22606,22606.0
